gene_id	before_correction	after_correction
EG11269	0.0	160.91111111099997
EG11271	0.0	412.293333333
EG11272	0.0	357.59166666649907
EG11274	0.0	346.19833333300005
EG11276	0.0	8.518333333315
EG11277	0.0	884.287777777667
EG11280	0.0	728.5266666667499
G0-10439	0.0	3.334444444444333
G0-10580	0.0	959.2366666670005
G0-10588	0.0	5.700000000000001
G0-10641	0.0	73.36999999999998
G0-10645	0.0	6.3366666666699984
G0-10651	0.0	0.0
G0-10689	0.0	19.51
