rna_id	read_counts
EG11269	13.016887039317732
EG11271	4.579771048659526
EG11272	0.3918528586244949
EG11274	10.090414561057367
EG11276	0.0
EG11277	31.420200804608612
EG11280	22.84349367645335
G0-10439	0.0
G0-10580	8.51021823855618
G0-10588	0.19765505228974092
G0-10641	25.171596929773155
G0-10645	0.0
G0-10651	1.934269898213109
G0-10689	5.781810967296733
